Run#,T(°C),Phase,#,SiO2,Si Std,TiO2,Ti Std,Cr2O3,Cr Std,Al2O3,Al Std,FeO,Fe Std,MnO,Mn Std,NiO,Ni Std,MgO,Mg Std,CaO,Ca Std,Na2O,Na Std,K2O,K Std,P2O5,P Std,Total,xMg,
rk47,1230,glass,16,43.86,-43,0.79,-3,0.08,-3,12.11,-44,9.32,-18,0.16,-5,0.02,-2,12.24,-70,10.92,-33,1.27,-9,0.44,-3,,,91.22,0.701,
,,ol,10,40.72,-31,0.01,-1,0.05,-3,0.04,-1,8.82,-16,0.17,-3,0.21,-2,50.53,-19,0.21,-2,0.01,-1,0,,,,100.77,0.911,
,,sp,8,0,,0.3,-6,42.13,-585,13.85,-275,24.83,-164,0,,0.13,-3,14.08,-39,0.21,-9,0.03,-3,0,,,,95.56,0.501,
rk51,1200,glass,10,43.66,-41,0.89,-4,n.d.,,14.02,-28,9,-22,0.2,-6,n.d.,,10.36,-12,12.35,-13,1.27,-10,0.53,-2,,,92.27,0.672,
,,ol,10,40.84,-15,0.01,-1,n.d.,,0.03,-1,10.33,-19,0.19,-3,n.d.,,48.74,-26,0.24,-2,0.01,-1,0,,,,100.39,0.894,
,,cpx,9,52.08,-55,0.23,-3,n.d.,,3.78,-52,4.3,-14,0.11,-3,n.d.,,17.39,-45,21.68,-42,0.21,-2,0,,,,99.79,0.878,
rk52,1170,glass,10,44.61,-56,0.71,-2,n.d.,,16.53,-32,9.07,-24,0.21,-4,n.d.,,8.92,-27,11.33,-24,1.53,-14,0.74,-4,,,93.65,0.637,
,,ol,10,40.66,-19,0.01,-1,n.d.,,0.05,-1,12.23,-27,0.25,-4,n.d.,,46.77,-40,0.24,-2,0,,0,,,,100.21,0.872,
,,cpx,10,49.35,-80,0.34,-6,n.d.,,7.49,-76,5.68,-69,0.16,-2,n.d.,,15.57,-47,21.24,-59,0.32,-3,0.01,-1,,,100.17,0.83,
,,sp,2,0.11,-1,0.12,-1,n.d.,,59.39,-5,18.96,-23,0.18,-6,n.d.,,19.93,-20,0.06,-1,0.01,-1,0,,,,98.74,0.652,
rk54,1140,glass,9,44.67,-34,0.8,-6,n.d.,,17.21,-27,9.53,-22,0.23,-6,n.d.,,7.5,-14,10.38,-12,1.73,-12,0.91,-3,,,92.97,0.584,
,,cpx,10,48.73,-51,0.42,-4,n.d.,,7.89,-48,6.39,-29,0.2,-2,n.d.,,14.85,-24,21.49,-16,0.32,-4,0.01,-1,,,100.31,0.805,
,,sp,9,0.1,-3,0.18,-3,n.d.,,57.74,-100,21.73,-49,0.16,-3,n.d.,,18.47,-32,0.14,-4,0.01,-1,0,,,,98.53,0.602,
rk57,1110,glass,9,47,-35,0.86,-5,n.d.,,18.07,-25,8.47,-26,0.22,-5,n.d.,,5.66,-31,8.74,-20,2.16,-12,1.07,-7,,,92.26,0.544,
,,cpx,10,48.87,-43,0.6,-5,n.d.,,7.95,-51,7.03,-31,0.26,-3,n.d.,,14.63,-24,20.15,-36,0.41,-4,0.01,-1,,,99.9,0.788,
,,opx,10,51.69,-38,0.18,-3,n.d.,,6.86,-65,12.28,-19,0.35,-3,n.d.,,27.3,-49,1.48,-22,0.05,-3,0.02,-3,,,100.21,0.798,
,,sp,10,0.1,-7,0.17,-6,n.d.,,60.28,-58,20.73,-51,0.2,-2,n.d.,,17.1,-19,0.12,-3,0.01,-2,0,,,,98.71,0.595,
rk58,1080,glass,10,48.43,-44,0.91,-4,n.d.,,17.18,-29,8.4,-28,0.3,-6,n.d.,,4.35,-27,7.8,-34,2.42,-9,1.34,-4,,,91.13,0.48,
,,cpx,8,45.65,-60,0.96,-13,n.d.,,10.28,-72,9,-32,0.36,-5,n.d.,,12.22,-31,20.06,-25,0.55,-3,0.01,-1,,,99.09,0.708,
,,opx,7,48.63,-44,0.25,-3,n.d.,,8.61,-47,13.72,-47,0.48,-2,n.d.,,25.34,-32,1.11,-13,0.05,-2,0,,,,98.2,0.767,
,,mag,5,0.13,-2,3.1,-6,n.d.,,12.23,-8,73.29,-53,0.36,-6,n.d.,,4.97,-9,0.04,-5,0,,0,,,,94.11,0.108,
rk73,1050,glass,10,49.86,-51,0.86,-4,n.d.,,17.85,-17,8.7,-17,0.3,-6,n.d.,,3.78,-9,7.9,-15,2.29,-9,1.18,-4,,,92.71,0.437,
,,cpx,1,47.41,,0.84,,n.d.,,8.07,,8.34,,0.34,,n.d.,,13.73,,20.74,,0.44,,0.08,,,,99.99,0.746,
,,amp,9,41.26,-49,1.92,-10,n.d.,,15.73,-36,10.45,-111,0.28,-4,n.d.,,14.27,-56,11.34,-18,2.2,-8,0.84,-4,,,98.29,0.709,
rk65,1020,glass,10,52.17,-27,0.87,-4,n.d.,,17.18,-39,7.07,-18,0.28,-7,n.d.,,2.7,-5,6.78,-9,2.41,-11,1.35,-3,,,90.81,0.405,
,,cpx,10,47.5,-99,0.75,-13,n.d.,,6.94,-84,10.88,-60,0.49,-4,n.d.,,12.31,-56,20.04,-40,0.51,-3,0.01,-1,,,99.42,0.669,
,,amp,4,41.01,-44,2.17,-10,n.d.,,14.36,-26,14.08,-20,0.38,-2,n.d.,,12.05,-12,10.91,-26,2.19,-7,0.7,-5,,,97.84,0.604,
,,mag,5,0.12,-2,5.96,-11,n.d.,,7.98,-14,76.44,-101,0.54,-4,n.d.,,3.03,-4,0.04,-4,0,,0,,,,94.11,0.066,
rk67,990,glass,10,54.74,-111,0.59,-8,n.d.,,15.94,-18,5.59,-38,0.31,-5,n.d.,,1.48,-12,5.68,-7,2.71,-16,1.33,-7,,,88.36,0.321,
,,cpx,4,46.31,-103,0.77,-5,n.d.,,7.25,-51,13.02,-7,0.65,-4,n.d.,,10.3,-42,19.48,-97,0.75,-14,0.02,-2,,,98.54,0.585,
,,amp,12,40.46,-59,1.96,-21,n.d.,,13.41,-31,16.9,-60,0.48,-3,n.d.,,10.28,-34,10.75,-23,2.19,-9,0.67,-4,,,97.09,0.52,
,,mag,4,0.15,-1,6.1,-28,n.d.,,5.66,-4,79.74,-110,0.7,-6,n.d.,,1.49,-5,0.17,-6,0.01,-1,0.01,-1,,,94.02,0.032,
PU1048,990,glass,13,52.64,-30,0.86,-4,n.d.,,16.47,-10,5.58,-8,0.29,-3,n.d.,,2.69,-9,6.6,-11,2.61,-9,1.32,-4,0.22,-7,89.28,0.462,
,,cpx,4,50.08,-84,0.83,-16,n.d.,,5.05,-75,8.18,-22,0.59,-3,n.d.,,14.63,-31,19.48,-44,0.32,-3,0.01,-1,0.01,-1,99.17,0.761,
PU1069,980,glass,13,50.97,-33,0.92,-3,n.d.,,16.65,-11,6.17,-8,0.31,-7,n.d.,,2.35,-3,6.82,-8,2.66,-5,1.54,-3,0.23,-5,88.62,0.405,
,,cpx,19,48.7,-79,0.77,-20,n.d.,,5.11,-119,8.65,-33,0.71,-9,n.d.,,13.23,-57,19.35,-50,0.46,-7,n.d.,,n.d.,,97,0.732,
PU1061,950,glass,29,53.24,-34,0.9,-8,n.d.,,17.69,-20,6.1,-14,0.27,-3,n.d.,,2.21,-7,6.83,-8,2.91,-10,1.52,-5,0.21,-2,91.87,0.393,
,,amp,25,41.57,-16,2.26,-18,n.d.,,14.79,-30,11.45,-42,0.33,-4,n.d.,,13.13,-20,10.48,-20,2.17,-6,0.85,-4,0.04,-2,97.09,0.671,
,,gar,10,38.75,-21,0.55,-17,n.d.,,22.38,-21,19.13,-33,2.09,-21,n.d.,,9.23,-43,7.58,-38,0.03,-2,0.01,-1,0.05,-1,99.79,0.462,
,,cpx,7,51.6,-103,0.65,-8,n.d.,,5.5,-99,10.62,-93,0.84,-19,n.d.,,12.99,-52,18.89,-34,0.53,-8,0.04,-1,0.01,-1,101.66,0.685,
PU1063,900,glass,12,54.23,-43,0.48,-3,n.d.,,16.86,-14,3.74,-12,0.09,-2,n.d.,,0.97,-5,5.28,-8,2.92,-5,1.7,-5,0.28,-3,86.56,0.317,
,,amp,5,40.62,-44,2.14,-18,n.d.,,15.94,-21,15.18,-21,0.26,-4,n.d.,,9.93,-17,10.41,-28,2.14,-8,0.92,-5,0.03,-1,97.57,0.538,
,,gar,8,36.83,-29,1.37,-11,n.d.,,21.06,-18,22.12,-41,1.69,-9,n.d.,,6.06,-50,9.29,-22,0.04,-1,0.01,-1,0.06,-3,98.83,0.328,
,,plg,31,48.84,-102,0.02,-1,n.d.,,34.09,-104,0.48,-8,0.01,-1,n.d.,,0.02,-1,16.97,-58,2.07,-16,0.07,-1,0.01,-1,102.7,,0.819
,,ilm,13,0.04,-1,43.46,-124,n.d.,,0.65,-5,51.5,-115,0.4,-3,n.d.,,2.34,-10,0.17,-2,0.01,-1,0.02,-1,0,,98.37,0.063,
PU1065,850,glass,29,58.74,-30,0.38,-3,n.d.,,16.32,-27,2.65,-12,0.06,-3,n.d.,,0.68,-3,4.68,-6,2.92,-5,2.13,-4,0.19,-4,88.75,0.314,
,,gar,35,38.5,-55,1.21,-16,n.d.,,21.43,-26,23.42,-41,1.46,-12,n.d.,,5.42,-27,8.92,-43,0.04,-1,0.01,-1,0.07,-2,100.48,0.29,
,,plg,22,49.2,-40,0.03,-1,n.d.,,33.29,-57,0.23,-3,0.01,-1,n.d.,,0.01,-1,16.1,-52,2.39,-13,0.08,-1,0.03,-1,101.37,,0.788
,,ilm,8,0.13,-3,51.9,-15,n.d.,,0.28,-2,43.09,-8,0.41,-2,n.d.,,2.65,-5,0.17,-2,0.02,-2,0.02,-1,0.02,-2,98.68,0.099,
,,apa,6,0.31,-14,n.d.,,n.d.,,0.06,-5,0.73,-7,n.d.,,n.d.,,0.2,-3,53.8,-33,n.d.,,n.d.,,45.07,-34,99.92,,
PU1067,800,glass,12,59.77,-65,0.18,-4,n.d.,,14.49,-13,1.65,-5,0.03,-2,n.d.,,0.34,-2,3.1,-2,3.46,-5,2.62,-5,0.11,-2,85.75,0.268,
,,amp,17,43.21,-125,1.68,-19,n.d.,,15.05,-90,18.77,-66,0.37,-8,n.d.,,7.63,-36,9.92,-28,1.9,-7,0.81,-12,n.d.,,99.35,0.42,
,,gar,19,38.26,-84,1.03,-14,n.d.,,21.13,-28,25.46,-57,1.64,-17,n.d.,,3.54,-27,9.26,-62,n.d.,,n.d.,,n.d.,,100.32,0.198,
,,plg,18,56.22,-65,n.d.,,n.d.,,29.95,-56,0.24,-7,n.d.,,n.d.,,n.d.,,11.54,-41,5.41,-26,0.04,-3,n.d.,,103.41,,0.541
,,ilm,10,0.38,-6,49.45,-67,n.d.,,0.41,-4,48.45,-80,0.3,-9,n.d.,,0.3,-9,1.37,-5,0.16,-4,n.d.,,n.d.,,100.51,0.048,
PU1071,750,glass,18,61.5,-24,0.06,-2,n.d.,,13.64,-8,0.86,-9,0.08,-2,n.d.,,0.37,-2,2.56,-7,2.96,-10,2.94,-7,0.1,-3,85.01,0.434,
,,gar,16,35.99,-83,0.03,-3,n.d.,,20.49,-36,34.64,-50,1.84,-14,n.d.,,2.74,-9,0.8,-5,n.d.,,n.d.,,n.d.,,96.52,0.124,
,,plg,18,54.61,-83,n.d.,,n.d.,,27.25,-25,0.22,-8,n.d.,,n.d.,,n.d.,,10.05,-20,5.43,-9,0.03,-2,n.d.,,97.58,,0.506
,,mag,14,0.32,-9,18.37,-179,n.d.,,0.99,-17,67.75,-115,0.25,-10,n.d.,,0.13,-4,0.49,-7,n.d.,,n.d.,,n.d.,,88.3,0.003,
